name, list80, link, comment
Agaricus augustus,0, https://www.gobe.si/Gobe/AgaricusAugustus,"Rjavo luskata na površini klobuka, ima močan obroček. Meso porumeni nato porjavi, v dnišču rdeče rjavo. Raste jeseni pod smrekami. "
Agaricus campestris,1, https://www.gobe.si/Gobe/AgaricusCampestris,"Bel klobuk, rjavi lističi, viseč obroček hitro odpade, prijeten vonj, ne rumeni"
Agaricus sylvaticus,0, https://www.gobe.si/Gobe/AgaricusSylvaticus,"Ima rjavo luskat klobuk, na prerezu sčasoma močno pordeči. Raste pod smrekami."
Agaricus xanthodermus,1, https://www.gobe.si/Gobe/AgaricusXanthodermus,Klobul trapezast. Dnišče porumeni. Neprijeten vonj po karbolu
Agrocybe dura,0, https://www.gobe.si/Gobe/AgrocybeDura,"Bela površina klobuka v sušnem obdobju razpoka. Obroček minljiv. Prijetnega vonja, vendar ne po moki, okus ima nekoliko greneč. Raste ob poljih."
Albatrellopsis confluens,0, https://www.gobe.si/Gobe/AlbatrellopsisConfluens,"Več okrasto rumenih, nepravilnih klobučkov zraščenih skupaj iz enega dnišča, ki imajo močno podvihane robove in zelo drobne, bele luknjice, ki so poraščene na bet. Na pritisk ne spremeni barve. Pod iglavci."
Albatrellus ovinus,1, https://www.gobe.si/Gobe/AlbatrellusOvinus,"Ima stranski bet ali več klobučkov zraščenih skupaj, belkaste barve z rumenimi lisami, površina rada močno razpoka. Na pritisk porumeni. Pod iglavci."
Aleuria aurantia,0, https://www.gobe.si/Gobe/AleuriaAurantia,"Notranjost trosnjaka je gladka in bleščeče rdeče oranžne barve, zunanja stran je svetlejša. Trosovnica je v notranjosti."
Amanita caesarea,1, https://www.gobe.si/Gobe/AmanitaCaesarea,"Oranžen klobuk, obrobje žarkasto nažlebkano, rumenkasti lističi in bet"
Amanita citrina,0, https://www.gobe.si/Gobe/AmanitaCitrina,"Na ravnem betu ima obroček, v dnišču pa velik gomolj z robom"
Amanita crocea,0, https://www.gobe.si/Gobe/AmanitaCrocea,"Oranžen, zvonasto stožčast nažlebkan klobuček, na dolgem oranžnem betu, ki ima na zadebeljenem dnišču prosto belo kožasto ovojnico, ki je na notranji strani oranžna."
Amanita excelsa,1, https://www.gobe.si/Gobe/AmanitaExcelsa,"Pepelnato siv, rjavkast klobuk prekrit s svetlosivimi krpicami. Nažlebkan obroček, vonj po surovem krompirju, okusom po redkvici. Raste pred drugimi mušnicami, od pomladi dalje."
Amanita gemmata,0, https://www.gobe.si/Gobe/AmanitaGemmata,"Bledo rumene barve, v dnišču nekoliko korenasta, redke pike na klobuku"
Amanita muscaria,1, https://www.gobe.si/Gobe/AmanitaMuscaria,"Rdeč ali oranžen klobuk z belimi krpicami, beli lističi in bet z zastiralcem. Panterinski sindrom."
Amanita pantherina,1, https://www.gobe.si/Gobe/AmanitaPantherina,"Rjav klobuk z belimi krpicami, gladek obroček, dnišče obdano z več obročki raztrgane lupine. Panterinski sindrom."
Amanita phalloides,1, https://www.gobe.si/Gobe/AmanitaPhalloides,"Zelenkasto rjav klobuk, beli lističi, kožast obroček, lupina. Faloidni sindrom."
Amanita porphyria,0, https://www.gobe.si/Gobe/AmanitaPorphyria,"Klobuk prekrit z rjavimi zaplatami. Vitek bet, z obročkom in velikim zaokroženim gomoljastim dniščem, močan vonj po surovem krompirju ali redkvici. Iglast gozd."
Amanita rubescens,1, https://www.gobe.si/Gobe/AmanitaRubescens,"Rjavkast klobuk s sivimi krpicami, gladko obrobje, rdečeče meso, nažlebkano zastiralce"
Amanita strobiliformis,0, https://www.gobe.si/Gobe/AmanitaStrobiliformis,"Klobuk obložen z velikimi, debelimi, rombasto oblikovanimi sivimi luskami"
Amanita vaginata,0, https://www.gobe.si/Gobe/AmanitaVaginata,"Nikoli nima zastiralca na betu, obrobje klobučka je že od vsega začetka močno nažlebkano"
Amanita verna,0, https://www.gobe.si/Gobe/AmanitaVerna,"Klobuk mlad jajčast do polkroglast, kasneje izbočen in plosko zravnan, včasih v sredini rahlo vdrt, bet nad zastiralcem gladek. Listnat gozd, hrast."
Amanita virosa,1, https://www.gobe.si/Gobe/AmanitaVirosa,"Bel koničast klobuk, luskat bet z navzgor obrnjenimi kosmiči, razcefran obroček, lupina"
Amaropostia stiptica,0, https://www.gobe.si/Gobe/AmaropostiaStiptica,"Močno grenak, trpek okus, polkrožna, ledvičasto oblika police, bel in zraste vsako leto znova, njegovo meso je mehko skutasto, sirasto"
Apioperdon pyriforme,0, https://www.gobe.si/Gobe/ApioperdonPyriforme,"Betičaste ali hruškaste oblike, sprva bel do svetlo rjav, kasneje močno porjavi, raste šopasto na trhlem lesu"
Armillaria gallica,0, https://www.gobe.si/Gobe/ArmillariaGallica,"Okrasto rumenkaste luske na klobuku, bet kijaste oblike, proti dnišču zelenkasto rjav ali olivno rumen, obroček rumenkaste barve. Ne raste šopasto."
Armillaria mellea,0, https://www.gobe.si/Gobe/ArmillariaMellea,"Luskast sivorumen klobuček, močan obroček rumeno rjavih barv, raste šopasto."
Armillaria ostoyae,1, https://www.gobe.si/Gobe/ArmillariaOstoyae,"Črno luskast klobuk, belkast rjavo obrobljen obroček, raste šopasto."
Artomyces pyxidatus,0, https://www.gobe.si/Gobe/ArtomycesPyxidatus,"Veje razvejane v obliki črke U, vršički v obliki dvignjene odprte dlani s prstastimi izrastki"
Aureoboletus gentilis,0, https://www.gobe.si/Gobe/AureoboletusGentilis,"Klobuk rdečkasto rjav, masten, lepljiv, živo obarvana, zlato rumena trosovnica, luknjice so goste, na dotik postane rahlo olivno zelenkasta. Meso ne modri, bet nima mrežice."
Auricularia auricula-judae,0, https://www.gobe.si/Gobe/AuriculariaAuricula-Judae,"Podobna je ušesu, nepravilnih oblik, mesnato rjave, olivne barve, s tankim, žilavim mesom, z rahlo zgubano notranjostjo"
Auriscalpium vulgare,0, https://www.gobe.si/Gobe/AuriscalpiumVulgare,"Klobuki žličkaste, ledvičaste oblike, igličasta trosovnica. Raste na borovih storžih."
Bolbitius titubans,0, https://www.gobe.si/Gobe/BolbitiusTitubans,"Krhka goba rumene barve. Raste na smetiščih in vlažnih predelih, kjer so lesni odpadki, rdeče rjav trosni prah."
Boletus aereus,0, https://www.gobe.si/Gobe/BoletusAereus,"Črn ali temno rjav klobuk, bronastih odtenkov, ki je suh, žametastega izgleda in poprhnjen, izrazit vonj in okus. Bela trosovnica in mrežica na betu."
Boletus edulis,1, https://www.gobe.si/Gobe/BoletusEdulis,"Vlažen lepljiv rjavkast klobuk, bet rjavkast in prepreden z mrežico"
Boletus pinophilus,0, https://www.gobe.si/Gobe/BoletusPinophilus,"Rdečerjavem klobuku, včasih skoraj črn, drobno zguban, kot obtolčen od toče. Bela trosovnica in mrežica na betu."
Boletus reticulatus,1, https://www.gobe.si/Gobe/BoletusReticulatus,"Suh žametast svetlo rjav klobuk, pogosto razpokan, bela ali rjava mrežica, "
Bovista plumbea,0, https://www.gobe.si/Gobe/BovistaPlumbea,"Dvojna ovojnica, bela zunanja plast, siv notranji ovoj"
Bovistella utriformis,0, https://www.gobe.si/Gobe/BovistellaUtriformis,"Prekrita s širokimi, piramidastimi bradavicami, pogosta na senožetih"
Butyriboletus appendiculatus,0, https://www.gobe.si/Gobe/ButyriboletusAppendiculatus,"Žametasto rjav klobuček, rumene luknjice in rumen mrežast bet brez rdečkastih lis, pomodri. Mikorizen z listavci."
Butyriboletus regius,1, https://www.gobe.si/Gobe/ButyriboletusRegius,"Rožnato rdeč klobuk, ne pomodri, rumena trosovnica in rumena mrežica. Mikorizen z listavci."
Caloboletus calopus,0, https://www.gobe.si/Gobe/CaloboletusCalopus,"Sivo rjav klobuk, rumena trosovnica, grenak okus, pomodri. Bet zgoraj rumen, spodaj rdeč, drobna belkasta mrežica. Mikorizna z listavci."
Caloboletus radicans,0, https://www.gobe.si/Gobe/CaloboletusRadicans,"Klobuk bledo siv ali rahlo rjavkast, s tankim podvitim robom, daljše korenasto dnišče, grenak okus, rumene cevke na pritisk pozelenijo. Mikorizna z listavci."
Calocera viscosa,0, https://www.gobe.si/Gobe/CaloceraViscosa,"Rastejo na trhlih smrekovih štorih ali koreninah, imajo obliko majhnega oranžno rumenega grmička z lepljivimi vejicami, vsak vršiček se ponavadi konča z dvema koničastima zobcema. Prožno meso. Dolgo nitasto dnišče."
Calocybe gambosa,0, https://www.gobe.si/Gobe/CalocybeGambosa,"Raste izven gozdov na pašnikih, v sadovnjakih, samo pomladi, v risih ali kolobarjih, vsa bolj ali manj belkasta ali okrasta in prijetno diši po moki"
Calonarius odorifer,0, https://www.gobe.si/Gobe/CalonariusOdorifer,"Rumeno rjavkast klobuk. Meso rumeno. Stopničast zadebeljen bet. Močan prijeten vonj po janežu, raste pod iglavci"
Calvatia gigantea,0, https://www.gobe.si/Gobe/CalvatiaGigantea,"Velika, bela, gladka. Podobna prašnicam."
Cantharellus amethysteus,0, https://www.gobe.si/Gobe/CantharellusAmethysteus,"Letvičasta trosovnica, površina klobuka je luskata, posuta z drobnimi vijoličasto rdečkastimi pegami, kar daje značilno ametistno barvo"
Cantharellus cibarius,1, https://www.gobe.si/Gobe/CantharellusCibarius,"Oranžne barve, letvičasti viličasto razcepljeni lističi, potekajo daleč po betu navzdol"
Catathelasma imperiale,0, https://www.gobe.si/Gobe/CatathelasmaImperiale,"Mesnat, podvit, rjav klobukom, dvojni obroček na betu, vonj po moki, kumarah ali lupinah nezrelih melon"
Chalciporus piperatus,1, https://www.gobe.si/Gobe/ChalciporusPiperatus,"Okrast klobuk, luknjice bakrene barve, poprasto pekoč, bet rumen v dnišču"
Chlorophyllum rhacodes,0, https://www.gobe.si/Gobe/ChlorophyllumRhacodes,"Meso na ranjenih mestih pordeči, sprva je dokaj svetlo rjavo obarvana, z belim betom, kasneje pa površina klobuka razpoka v velike luske, ki jih dež lahko izpere in je vse bolj temna"
Chroogomphus rutilus,1, https://www.gobe.si/Gobe/ChroogomphusRutilus,"Gladek bakrenast klobuk, lističi debeli in razmaknjeni, se spuščajo po betu navzdol"
Clathrus archeri,0, https://www.gobe.si/Gobe/ClathrusArcheri,"Rdeče črni kraki oz. lovke, štrlijo na vse strani in močno smrdijo"
Clavariadelphus pistillaris,0, https://www.gobe.si/Gobe/ClavariadelphusPistillaris,"Ima kijasto, betičasto obliko, proti vrhu je širši in zaobljen, sivo okrast"
Clitocybe dealbata,1, https://www.gobe.si/Gobe/ClitocybeDealbata,"Bel valovit klobuček, starejša koncentrično razpoka, vonj po moki, lističi potekajo po betu navzdol. Saprofitna. Muskarinski sindrom."
Clitocybe nebularis,1, https://www.gobe.si/Gobe/ClitocybeNebularis,"Površino klobuka ima poprhnjeno in žametno, lističi se lahko ločijo. Bet belkast z reliefno strukturo."
Clitocybe odora,0, https://www.gobe.si/Gobe/ClitocybeOdora,"Močan vonj po janežu, modrikasto ali zelenkasto sivih odtenkov, spada med manjše livke, ki nimajo tipično lijastega klobučka, lističi so ravno priraščeni na bet"
Clitopilus prunulus,1, https://www.gobe.si/Gobe/ClitopilusPrunulus,"Lističi beli, kasneje rožnati, se polagoma spuščajo po betu, klobuk sive barve z močno podvitim robom. Bet rahlo ekscentričen. Močen vonj po moki, grenak okus"
Collybiopsis confluens,0, https://www.gobe.si/Gobe/CollybiopsisConfluens,"Dolgi, ravni in fino kosmati beti se stiskajo drug ob drugem, v velikih šopih, na trohnečem listju ali iglicah, v vrstah ali lokih, rahel okus po česnu"
Coprinellus micaceus,0, https://www.gobe.si/Gobe/CoprinellusMicaceus,"Sprva jajčast klobuk, ki se pozneje razpre, mlade gobe imajo bel posip na klobuku. Rastejo v šopih, navadno na mrtvem lesu. Antabusni sindrom."
Coprinopsis atramentaria,1, https://www.gobe.si/Gobe/CoprinopsisAtramentaria,"Siv, jajčasto oblikovan klobuk, raste v šopih na ostankih trhlega lesa. Antabusni sindrom."
Coprinopsis picacea,0, https://www.gobe.si/Gobe/CoprinopsisPicacea,"Klobuk v starosti počrni, ostanki belega ovoja v obliki velikih belih krpic, neprijeten vonj"
Coprinus comatus,1, https://www.gobe.si/Gobe/CoprinusComatus,"Luskat, jajčasto podolgovat, belkast klobuček"
Cortinarius armillatus,0, https://www.gobe.si/Gobe/CortinariusArmillatus,"Ima rdeče rjav klobuk, ni sluzava, rdečkast pas ali pasove ovojnice na betu. Bet v dnišču zadebeljen. Pod brezami."
Cortinarius bolaris,0, https://www.gobe.si/Gobe/CortinariusBolaris,"Klobuk in bet imata značilne opečnato barvne, rdeče rjave luske, ki se s staranjem redčijo in tvorijo videz razpokane površine"
Cortinarius caperatus,1, https://www.gobe.si/Gobe/CortinariusCaperatus,"Pšenične barve s poprhom na površini klobuka, kožast obroček. Mikorizna z iglavci."
Cortinarius mucosus,0, https://www.gobe.si/Gobe/CortinariusMucosus,"Močno sluzav oranžno rjavi klobuk, temnejši na osredju in bel sluzav bet. Pod borovci."
Cortinarius orellanus,1, https://www.gobe.si/Gobe/CortinariusOrellanus,"Klobuk suh brez grbice, lisičje rjave barve, prekrit z rjavimi, zrnatimi luskicami, rumena koprena komaj vidna. Orelaninski sindrom."
Cortinarius praestans,1, https://www.gobe.si/Gobe/CortinariusPraestans,"Naguban velik klobuk, včasih z ostankom vijoličaste ovojnice, meso rumenkasto, prijeten vonj in okus. Bet spodaj zadebeljen nato zašiljen navzdol."
Cortinarius rubellus,0, https://www.gobe.si/Gobe/CortinariusRubellus,"Klobuk sprva koničast, pozneje izbočen in ima grbico na osredju, površina je mastna, je oranžno rjav, tudi rdečkast oranžno rjav. Bet ima rumene pasove. Višinski iglasti gozd. Orelaninski sindrom."
Cortinarius semisanguineus,0, https://www.gobe.si/Gobe/CortinariusSemisanguineus,"Oranžno olivna barva, zvonasto grbasta, z daljšim betom kot je širina klobučka, pogosto z ostanki koprene, lističi so temno rdeči"
Cortinarius traganus,1, https://www.gobe.si/Gobe/CortinariusTraganus,"Klobuk in bet lilaste barve, neprijeten vonj po karbidu ali acetilenu, grenko trpkega okusa"
Cortinarius trivialis,0, https://www.gobe.si/Gobe/CortinariusTrivialis,"Sluzava in lepljiva, pasasto marogast in sluzav bet"
Craterellus cornucopioides,1, https://www.gobe.si/Gobe/CraterellusCornucopioides,"Sivo črne barve, trobljasta oblika, trosovnica sprva gladka, nato žilnata, pod iglavci"
Craterellus lutescens,0, https://www.gobe.si/Gobe/CraterellusLutescens,"Rumeno oranžna, žilnato zgubana trosovnica v obliki letvic, mikorizna z iglavci."
Craterellus tubaeformis,1, https://www.gobe.si/Gobe/CraterellusTubaeformis,"Rumeno rjav klobuk, sivkasta, letvičasta trosovnica, dolg rumen in votel bet, mešan gozd."
Cystoderma amianthinum,0, https://www.gobe.si/Gobe/CystodermaAmianthinum,"Otrobasto zrnat klobuk in bet pod obročkom, močan vonj po zemlji, minljivi obroček na betu."
Desarmillaria tabescens,0, https://www.gobe.si/Gobe/DesarmillariaTabescens,"Nima obročka na betu, lističi gosti, ozki in gredo navzdol po betu. Raste šopasto na dobovih štorih."
Echinoderma asperum,0, https://www.gobe.si/Gobe/EchinodermaAsperum,"Hrapav klobuk, močne rjave luske na svetli podlagi, neprijeten vonj. Bet z velikim visečim venčkom."
Entocybe nitida,0, https://www.gobe.si/Gobe/EntocybeNitida,"Moder klobuk in bet, lističi beli kasneje rožnato rdeči, rahlo redkvičast vonj."
Entoloma rhodopolium,1, https://www.gobe.si/Gobe/EntolomaRhodopolium,"Sivo rjavih barv, rahlo grbast klobuk, manjša, rožnati lističi pripeti na bet. Gastrointestinalni sindrom."
Entoloma sinuatum,1, https://www.gobe.si/Gobe/EntolomaSinuatum,"Sivo rjavih barv, močnejše rasti, starejši lističi rožnati, mlajši rumeni, ostrinka ostane rumena. Gastrointestinalni sindrom."
Fistulina hepatica,0, https://www.gobe.si/Gobe/FistulinaHepatica,"Rdečkasto rjavih barv, na prerezu številne cevke izločajo rdeč sok, raste na pravih kostanjih in hrastih"
Flammulina velutipes,0, https://www.gobe.si/Gobe/FlammulinaVelutipes,"Uspeva v zimskem času šopasto na štorih listnatega drevja, kosmat bet, ki je sprva rumenkasto okrast, enake barve kot klobuček, sčasoma pa postaja črn"
Fomes fomentarius,0, https://www.gobe.si/Gobe/FomesFomentarius,"Trda površina ima polkrožne koncentrične pasove, raste na bukvah"
Fomitiporia robusta,0, https://www.gobe.si/Gobe/FomitiporiaRobusta,"Najstarejši deli so sivo črni in razpokani, drugod je rumeno okrast do rjasto rjav, zajedalec na živih hrastih"
Fomitopsis betulina,0, https://www.gobe.si/Gobe/FomitopsisBetulina,"Sprva je bela, kasneje postane bledo sivo rjave barve, pri starih pa temno rjave barve, na brezah"
Fomitopsis pinicola,0, https://www.gobe.si/Gobe/FomitopsisPinicola,"Pisano obarvana in na površini pasasta lesna goba, ki raste na živih in odmrlih delih iglavcev"
Galerina marginata,1, https://www.gobe.si/Gobe/GalerinaMarginata,"Rjavi klobučki imajo prosojno nažlebkano obrobje, tanek vlaknat bet, kožast obroček rad odpade, raste šopasto na lesu iglavcev. Faloidni sindrom."
Ganoderma lucidum,0, https://www.gobe.si/Gobe/GanodermaLucidum,"Rdeče rjav ali kostanjevo rjav olesenel klobuk, se sveti kot polakiran. Bet ekscentrično nasajen."
Gliophorus psittacinus,0, https://www.gobe.si/Gobe/GliophorusPsittacinus,"Živo olivno ali modro zelen, bleščeč, gladek, pozneje postane rumenkast in končno opečnato rdečkast do škrlatno rjav"
Gomphidius glutinosus,1, https://www.gobe.si/Gobe/GomphidiusGlutinosus,"Sivo modrikast klobuk prekrit s slinasto prevleko, lističi debeli, razmaknjeni, bet v dnišču močno rumen"
Gomphidius roseus,0, https://www.gobe.si/Gobe/GomphidiusRoseus,"Majhna goba rožnate barve, bet črni na dotik in ima obročast ostanek zastirala, raste pod bori, zajeda ga S. bovinus"
Gomphus clavatus,0, https://www.gobe.si/Gobe/GomphusClavatus,"Lilasto do vijoličasto obarvan, razmeroma velik, kijast, poln in mesnat trosnjak, žilasta trosovnica"
Grifola frondosa,0, https://www.gobe.si/Gobe/GrifolaFrondosa,"Ima številne loputaste klobučke sive ali rjave barve, ki rastejo iz enega dnišča oziroma iz debelega, centralnega beta"
Guepinia helvelloides,0, https://www.gobe.si/Gobe/GuepiniaHelvelloides,"Želatinasto tresoča, rdeče obarvana goba, ki ima obliko uhlja, raste blizu razpadajočih štorov iglastega drevja"
Gymnopilus penetrans,0, https://www.gobe.si/Gobe/GymnopilusPenetrans,"Klobuk s plamenečo rumeno oranžno rjavo barvo, vpadljivo rjasto lisaste lističe, bet rumenkast do rjavkast, bel v dnišču"
Gymnopus dryophilus,1, https://www.gobe.si/Gobe/GymnopusDryophilus,"Okrasto rjav klobuček, visok rjavkast žilav bet, gosti belkasti lističi, raste šopasto na listju."
Gymnopus fusipes,0, https://www.gobe.si/Gobe/GymnopusFusipes,"Klobuk rjavo rdeče barve, pogosto s temnimi lisami, žilav, gladek, nabrazdan in proti dnišču stanjšan bet, brez obročka, raste ob hrastih"
Gyrodon lividus,0, https://www.gobe.si/Gobe/GyrodonLividus,"Svetlo rjav klobuk, rumeno zelena trosovnica z zelo drobnimi luknjicami, ki se spušča po betu navzdol in z zavitim, navadno izredno nasajenim betom, raste v vlažnih listnatih gozdovih pod jelšami"
Gyromitra esculenta,1, https://www.gobe.si/Gobe/GyromitraEsculenta,"Možganaste oblike, voskasto mesto, spermatičen vonj. Raste spomladi. Giromitrinski sindrom."
Gyroporus castaneus,0, https://www.gobe.si/Gobe/GyroporusCastaneus,"Rjav polsten klobuk in bet, bela trosovnica, bet votlinasto prekatast. Ne modri."
Gyroporus cyanescens,0, https://www.gobe.si/Gobe/GyroporusCyanescens,"Okrast klobuk in bet, takoj pomodri, bela cevasta trosovnica, bet prekatasto izvotljen"
Hebeloma radicosum,0, https://www.gobe.si/Gobe/HebelomaRadicosum,"Medlih barv, vraščene luske. Dolgo korenasto dnišče, obroček na betu, vonj po mandljih"
Hebeloma sinapizans,1, https://www.gobe.si/Gobe/HebelomaSinapizans,"Zbledelo okraste barve, gladek klobuk. Vonj po redkvici, odebeljen bet v dnišču"
Helvella crispa,0, https://www.gobe.si/Gobe/HelvellaCrispa,"Sedlast, loputast klobuk, močno zvegan, belkast, ima tanko meso, bet je belkast z vzdolžnimi žilastimi grebeni in z globokimi brazdami."
Hericium erinaceus,0, https://www.gobe.si/Gobe/HericiumErinaceus,Dolge viseče lasaste iglice. Raste na lesu listavcev. 
Hericium flagellum,0, https://www.gobe.si/Gobe/HericiumFlagellum,"Koralasto razvejan, vejice se končajo z iglicami. Raste na lesu jelk."
Hortiboletus rubellus,0, https://www.gobe.si/Gobe/HortiboletusRubellus,"Živo rdeč žametast klobuk s svetlejšim robom, rumena trosovnica na pritisk pomodri, rumen bet z rožnatim nadihom."
Hydnum repandum,1, https://www.gobe.si/Gobe/HydnumRepandum,"Rumenkaste berve. Igličasta trosovnica, se spušča po betu navzdol. Saprofitna."
Hydnum rufescens,0, https://www.gobe.si/Gobe/HydnumRufescens,"Opečnato rdeča barve. Daljše iglice, ki se ne spuščajo po betu. Saprofitna."
Hygrocybe conica,0, https://www.gobe.si/Gobe/HygrocybeConica,Rumeno oranžno rdeče barve. Močno črni. 
Hygrocybe punicea,1, https://www.gobe.si/Gobe/HygrocybePunicea,"Velika, češnjevo krvavo rdeče barve, alpski svet, široki debeli razmaknjeni lističi in zgornji del beta rumenkasto, oranžne barve. Bet proti dnišču bel."
Hygrophoropsis aurantiaca,0, https://www.gobe.si/Gobe/HygrophoropsisAurantiaca,"Oranžen lijast klobuk z podvihanim robom in drobno zrnato površino. Letvicam podobni lističi so oranžno rumeni, gosti, tanki, viličasto deljeni in potekajo daleč po betu navzdol . Iglast gozd, okoli panjev. Saprofitna."
Hygrophorus eburneus,1, https://www.gobe.si/Gobe/HygrophorusEburneus,"Sluzav bel klobuk, redki debeli lističi malo obrnjeni po betu navzdol, rahlo neprijeten vonj"
Hygrophorus marzuolus,0, https://www.gobe.si/Gobe/HygrophorusMarzuolus,"Pepelno siv, gladek, suh, debelo mesnat klobuk. Večja količina gob  oddaja vonj po urinu. Raste pomladi. Mikorizna z listavci."
Hygrophorus nemoreus,0, https://www.gobe.si/Gobe/HygrophorusNemoreus,"Mesnati in dlakavi klobuk, svetlo rjavo oranžne barve. Lističi svetlejši. Bet v dnišču zakrivljen. Vonj po moki. Mikorizna z listavci."
Hygrophorus penarius,0, https://www.gobe.si/Gobe/HygrophorusPenarius,Bel do okrast klobuk je suh. Lističi redki debeli široki proti robu viličasto razcepljeni. Mikorizna z listavci.
Hygrophorus poetarum,0, https://www.gobe.si/Gobe/HygrophorusPoetarum,"Belkast klobuk, na osredju okrasto rožnat. Lističi debeli, razmaknjeni široki. Zaradi vmesnih lističev proti robu gostejši. Bet v dnišču rumen. Sladkobno saden vonj."
Hygrophorus russula,1, https://www.gobe.si/Gobe/HygrophorusRussula,"Zajetna, debelo mesnata goba, na klobuku in po lističih pa je rdečkasto lisasta kot poškropljena, raste v lokih"
Hymenopellis radicata,1, https://www.gobe.si/Gobe/HymenopellisRadicata,"Vdrt sluzast klobuk, široki lističi, dolg tanek bet."
Hypholoma capnoides,0, https://www.gobe.si/Gobe/HypholomaCapnoides,Na lesu iglavcev. Nima žveplenih barv. Mil okus.
Hypholoma fasciculare,1, https://www.gobe.si/Gobe/HypholomaFasciculare,"Žveplene barve, zelo grenkega okusa, votli ukrivljeni beti, tesno združeni v dniščih"
Hypholoma lateritium,0, https://www.gobe.si/Gobe/HypholomaLateritium,Rdeče opečnate barve. Nima žveplenih lističev.
Imleria badia,1, https://www.gobe.si/Gobe/ImleriaBadia,"Kostanjevo rjav klobuk, rjavkast bet, rumeno trosovnico, ki na pritisk močno pozeleni, bet brez mrežice."
Infundibulicybe gibba,0, https://www.gobe.si/Gobe/InfundibulicybeGibba,"Gladek usnjeno rjav lijast klobuček z grbico na osredju. Bet svetlejši od klobuka, v dnišču belo opreden."
Inocybe geophylla,0, https://www.gobe.si/Gobe/InocybeGeophylla,"Klobuk rumenkasto bel, včasih z vijola nadihom, s poudarjeno grbico. Lističi prsteno sive barve. Pod iglavci. Muskarinski sindrom. "
Inosperma erubescens,0, https://www.gobe.si/Gobe/InospermaErubescens,"Žarkasto vlaknat klobuk krem barve, rdeči, tako kot lističi in bet, ki je v dnišču rahlo gomoljast. Muskarinski sindrom."
Kuehneromyces mutabilis,1, https://www.gobe.si/Gobe/KuehneromycesMutabilis,"Klobučki rumeno okrasti s temnejšim robom. Trden obroček, pod njim luskice do temnorjavega dnišča, raste šopasto na lesu. Od pomladi do jeseni."
Laccaria amethystina,1, https://www.gobe.si/Gobe/LaccariaAmethystina,"Vijoličaste barve, stara zbledi, redki lističi, žilavo meso"
Laccaria laccata,0, https://www.gobe.si/Gobe/LaccariaLaccata,"Rdečkaste barve, ob pomanjkanju vlage zbledi."
Lactarius blennius,0, https://www.gobe.si/Gobe/LactariusBlennius,"Sivo zelen do sivo rjavkast klobuk s temnejšimi madeži v kolobarjih, pekoča, bel mleček se kasneje obarva sivo olivno."
Lactarius chrysorrheus,0, https://www.gobe.si/Gobe/LactariusChrysorrheus,"Bel mleček na zraku močno porumeni, pozlati. Lističi beli, kasneje mesnato rdeči, viličasto razcepljeni, potekajo po betu navzdol. Meso belo in pekoče."
Lactarius deliciosus,1, https://www.gobe.si/Gobe/LactariusDeliciosus,"Bledo oranžne, okraste barve s temnejšimi kolobarji. Oranžno rdeč mleček, jamičasto lisast bet, redko zelene lise. Mikorizna z iglavci – bori."
Lactarius scrobiculatus,0, https://www.gobe.si/Gobe/LactariusScrobiculatus,"Rumene barve, klobuk globoko vdrt. Mleček bel in na zraku porumeni. Pekočega okusa. Bet bel prekrit z rumenimi jamicami."
Lactarius torminosus,1, https://www.gobe.si/Gobe/LactariusTorminosus,"Kosmat rob klobuka, bel pekoč mleček"
Lactifluus piperatus,0, https://www.gobe.si/Gobe/LactifluusPiperatus,"Bele barve, pekoč bel mleček na zraku ne spremeni barve. Gosti tanki lističi potekajo po betu navzdol."
Lactifluus vellereus,0, https://www.gobe.si/Gobe/LactifluusVellereus,"Bel klobuk, pekoče meso in nepekoč mleček, Lijasta oblika. Bet proti dnišču tanjši."
Lactifluus volemus,1, https://www.gobe.si/Gobe/LactifluusVolemus,"Klobuk lijast, oranžno rjav, temnejši na osredju. Rob pogosto valovit. Mleček lepljiv vodeno bel z vonjem po ribah, ne peče, lističi kremasto beli, kasneje okrasto rjavi. Trosni prah kremasto bel. Ni za zamrzovanje."
Laetiporus sulphureus,0, https://www.gobe.si/Gobe/LaetiporusSulphureus,"Rumen ali rožnat, školjkast, zraščen s sosednjimi klobuki in drug vrh drugega, stransko priraščen na les listavcev."
Leccinellum crocipodium,0, https://www.gobe.si/Gobe/LeccinellumCrocipodium,"V celoti rumen, kolobarni jarek na stiku trosovnice in beta. Hrapavo luskast bet. Na prerezu najprej pordeči nati počrni. Mikorizen z listavci, bukev."
Leccinellum pseudoscabrum,1, https://www.gobe.si/Gobe/LeccinellumPseudoscabrum,"Okrasto rjav klobuk, močno počrni, pod gabri, razpokana kožica, luskice na betu črne. Raste pod gabri."
Leccinum aurantiacum,1, https://www.gobe.si/Gobe/LeccinumAurantiacum,"Klobuk oranžen ali opečnato rjav, kožica je daljša od mesa, luskice na betu so rjave, pod trepetlikami"
Leccinum scabrum,0, https://www.gobe.si/Gobe/LeccinumScabrum,"Svetlo do temno rjav klobuk, nikoli razpokan, meso je mehko in se na prerezu obarva rožnato, črne luskice na betu, raste pod brezami."
Leccinum versipelle,0, https://www.gobe.si/Gobe/LeccinumVersipelle,"Rdeče oranžen, rumeno rjav klobuk, kožica visi preko roba, sive luknjice, črno luskinast bet v dnišču modrikasto zelenkast. Pod brezami."
Legaliana badia,0, https://www.gobe.si/Gobe/LegalianaBadia,Rjav trosnjak z visokimi robovi. Trosovnica je na notranji strani.
Lentinellus cochleatus,0, https://www.gobe.si/Gobe/LentinellusCochleatus,"Rastejo šopasto na lesu listavcev, nažagani lističi, vonj po janežu."
Lepiota cristata,1, https://www.gobe.si/Gobe/LepiotaCristata,"Neprijeten vonj, krhek minljiv obroček, ostrinke kosmičaste. Faloidni sindrom."
Lepista nuda,1, https://www.gobe.si/Gobe/LepistaNuda,"Vijoličaste barve, raste v kolobarjih, nima koprene, lističi zaokroženo priraščeni na bet, zlahka jih ločimo od klobuka"
Leucoagaricus leucothites,0, https://www.gobe.si/Gobe/LeucoagaricusLeucothites,"Klobuk bel, lističi rožnati. Bet proti dnišču odebeljen z obstojnim obročkom. Trosni prah belkast."
Leucocybe connata,0, https://www.gobe.si/Gobe/LeucocybeConnata,"V celoti bela, raste v šopih, Neprijeten vonj po moki."
Limacellopsis guttata,0, https://www.gobe.si/Gobe/LimacellopsisGuttata,"Gladko lepljiv, spolzek klobuk. Kapljičasto orošen bet, pod obročkom luskast.. Podobna mušnicam a brez ovoja v dnišču. Vonj po moki. Prijeten okus. Mikorizna z mešanim drevjem."
Lycoperdon echinatum,0, https://www.gobe.si/Gobe/LycoperdonEchinatum,"Rjava z dolgimi rjavimi bodicami, ki lahko odpadejo. Pod bukvami. Saprofitna."
Lycoperdon perlatum,1, https://www.gobe.si/Gobe/LycoperdonPerlatum,"Glavati del je skoraj okrogel, na vrhu ima komaj opazno grbico, je vsa bela in pokrita s krhkimi igličastimi bradavicami."
Lyophyllum decastes,0, https://www.gobe.si/Gobe/LyophyllumDecastes,"Rjavi klobučki, raste šopasto, beti združeni v dniščih. Prijeten vonj."
Lyophyllum loricatum,1, https://www.gobe.si/Gobe/LyophyllumLoricatum,"Veliki šopi, združeni v dniščih, debela, trda in prožna temno rjava koža. Lističi najprej beli nato rumenijo."
Macrolepiota mastoidea,0, https://www.gobe.si/Gobe/MacrolepiotaMastoidea,"Grbica na temenu klobuka, manjši, manj mesnat in nima tako marogastega beta kot veliki dežnik."
Macrolepiota procera,1, https://www.gobe.si/Gobe/MacrolepiotaProcera,"Rjavo marogast bet, meso na ranjenih mestih ne rdeči"
Marasmius oreades,0, https://www.gobe.si/Gobe/MarasmiusOreades,"Rjav široko grbast klobuk. Zelo žilav bet, ki je zgoraj svetlejši, spodaj belo opreden, poseben prijeten vonj. Močno razmaknjeni lističi z mnogo vmesnimi."
Megacollybia platyphylla,1, https://www.gobe.si/Gobe/MegacollybiaPlatyphylla,"Lističi beli, zelo široki, razmaknjeni, pri betu izrezani, bele rizomorfe v dnišču"
Melanoleuca melaleuca,0, https://www.gobe.si/Gobe/MelanoleucaMelaleuca,"Rjav klobuk, vzdolžno vlaknat bet, zelo gosti lističi."
Morchella esculenta,1, https://www.gobe.si/Gobe/MorchellaEsculenta,"Raste pomladi, podoben je satju z globokimi udrtinami in med seboj povezanimi grebeni"
Mucidula mucida,0, https://www.gobe.si/Gobe/MucidulaMucida,"Sluzast, bel klobuk, viseč venček, ki je na spodnji strani temnejši. Lističi široki in razmaknjeni. Bet nad obročkom je nažlebkan. Raste šopasto na bukovih štorih.  "
Mycena pura,1, https://www.gobe.si/Gobe/MycenaPura,"Rožnate do vijoličaste barve, močan vonj po redkvici. Krhka. Muskarinski sindrom."
Mycetinis alliaceus,0, https://www.gobe.si/Gobe/MycetinisAlliaceus,"Rjav klobuk, dolg temen bet, vonj po česnu."
Mycetinis scorodonius,1, https://www.gobe.si/Gobe/MycetinisScorodonius,"Rjav klobuk, svetlo rjav bet, vonj in okus po česnu"
Neoboletus erythropus,0, https://www.gobe.si/Gobe/NeoboletusErythropus,"Žametast klobuk, modreče meso, rdeča trosovnica. Bet rumeno rdeč in brez mrežice."
Omphalotus olearius,1, https://www.gobe.si/Gobe/OmphalotusOlearius,"Klobuk oranžno rdeč do rjav, močno lijast, tanki lističi potekajo daleč po betu navzdol. Parazit na listavcih."
Otidea onotica,0, https://www.gobe.si/Gobe/OtideaOnotica,"Kot uhelj živali, okrasto rumenih odtenkov. Trosovnica na notranji strani. "
Paralepista flaccida,0, https://www.gobe.si/Gobe/ParalepistaFlaccida,Oranžno rjav lijast klobuček s podvitim robom. Žilavo meso in prožen bet. Lističi se spščajo po betu in se z lahkoto odstranijo. Raste v kolobarjih.
Paxillus involutus,1, https://www.gobe.si/Gobe/PaxillusInvolutus,"Klobuk olivno rjavkastih barv, močno spodvit, lističi gosti potekajo po betu navzdol in se zlahka odluščijo. Paksilusni sindrom."
Phaeolepiota aurea,0, https://www.gobe.si/Gobe/PhaeolepiotaAurea,"Zlato oker rumena goba. Drobno kosmičasto lepljiv klobuk, močno kožasto zastiralo."
Phaeolus schweinitzii,0, https://www.gobe.si/Gobe/PhaeolusSchweinitzii,"Bleščeče žvepleno rumen rob okoli koncentričnih kolobarjev rjasto rjave barve, polsten, kosmat. Rjave labirintaste pore "
Phallus impudicus,0, https://www.gobe.si/Gobe/PhallusImpudicus,"Mlada v želatinastem jajčku, zrela goba ima črno smrdljivo trosovnico na površini klobuka."
Pholiota squarrosa,0, https://www.gobe.si/Gobe/PholiotaSquarrosa,"Hrapavo luskast klobuk in bet pod zastiralom, vonj po česnu. "
Phylloporus rhodoxanthus,0, https://www.gobe.si/Gobe/PhylloporusRhodoxanthus,"Rdeč klobuk, rumeni med seboj prekatasto povezani lističi. "
Pleurotus ostreatus,1, https://www.gobe.si/Gobe/PleurotusOstreatus,Sivi klobuki školjkaste oblika z bolj ali manj stranskim betom.
Pluteus cervinus,0, https://www.gobe.si/Gobe/PluteusCervinus,"Klobul rjav in siv, vlaknat. Rožnati lističi in trosni prah. Raste na lesu. Vonj po repi."
Pluteus leoninus,0, https://www.gobe.si/Gobe/PluteusLeoninus,"Rumen klobuk, rožnati lističi, vonj po redkvici. Raste na lesu."
Pogonoloma macrorhizum,0, https://www.gobe.si/Gobe/PogonolomaMacrorhizum,Robustna glavata goba svetlo okraste barve z vonjem po koruznih laskih in z izrazitim podvihanim robom klobuka. Bet bel z rjavkastimi lisami.
Polyporus umbellatus,0, https://www.gobe.si/Gobe/PolyporusUmbellatus,"Veliko manjših klobučkov, ki izhajajo iz centralnega beta. Luknjice razmeroma velike."
Porphyrellus porphyrosporus,0, https://www.gobe.si/Gobe/PorphyrellusPorphyrosporus,"Klobuk osmojene črno sivo rjave barve. Trosovnica sivo rjava. Bet čokoladno rjav, počrni na dotik. Na prerezu bel, počasi spreminja barvo."
Porpolomopsis calyptriformis,0, https://www.gobe.si/Gobe/PorpolomopsisCalyptriformis,"Zašiljen, rožnato obarvan razcepljen klobuk, rožnati lističi in bel bet. "
Psathyrella piluliformis,0, https://www.gobe.si/Gobe/PsathyrellaPiluliformis,"Klobuček opreden z belo koprenasto prevleko. Rob prosojen. Bet belkast, brez obročka. Rjavi lističi, ki se sčasoma obarvajo črno. Raste šopasto."
Pseudoboletus parasiticus,0, https://www.gobe.si/Gobe/PseudoboletusParasiticus,"Okrasto rjave, rumene barve. Zajedalec na navadni trdokožnici."
Pseudohydnum gelatinosum,1, https://www.gobe.si/Gobe/PseudohydnumGelatinosum,"Mlada bela, kasneje rjavkasta. Želatinasto vodeno in prosojno meso. Igličasta trosovnica."
Pseudosperma rimosum,0, https://www.gobe.si/Gobe/PseudospermaRimosum,"Slamnato okrast močno grbičast klobuk. Neprijeten okus, vonj po spermi. Muskarinski sindrom."
Ramaria botrytis,0, https://www.gobe.si/Gobe/RamariaBotrytis,"Debel mesnat kratek belkast ali rumenkast bet, ki se navzgor bogato razveja. Vršički rožnati do rdeče vijolični. Mikorizna z bukvami."
Ramaria flava,0, https://www.gobe.si/Gobe/RamariaFlava,"Močen kepasto bel bet, ki je spodaj ožji kot zgoraj. Citronasto rumene vejice se končajo z 2-3 svetlo rumenimi vršički."
Ramaria formosa,1, https://www.gobe.si/Gobe/RamariaFormosa,"Širok bel bet, se razveji v navpične rožnato okraste vejice, ki se končujejo s citronasto rumenimi vršički."
Ramaria sanguinea,0, https://www.gobe.si/Gobe/RamariaSanguinea,Citronasto rumena. Bel bet po večkratnem dotikanju pordeči. Mikorizna z bukvami.
Rhodocollybia maculata,0, https://www.gobe.si/Gobe/RhodocollybiaMaculata,"Okrasto rjavkaste lise po vseh delih, belkast klobuk, grenak okus. Bet trd, enakomerno debel, najprej bel kasneje listast. Pod smrekami. Gastrointestinalni sindrom."
Rubroboletus satanas,1, https://www.gobe.si/Gobe/RubroboletusSatanas,"rdeča mrežica, pomodri, neprijetnega vonja in okusa."
Russula aurea,0, https://www.gobe.si/Gobe/RussulaAurea,"Oranžno rdeč in rumen klobuk, rumenkasti lističi. Meso pod kožico rumeno. Trosni prah svetlo rumen."
Russula cyanoxantha,1, https://www.gobe.si/Gobe/RussulaCyanoxantha,"Modrikasto zelenkast lisast klobuk, beli prožni lističi, bel bet, včasih vijoličasto nadahnjen. Trosni prah bel."
Russula decolorans,0, https://www.gobe.si/Gobe/RussulaDecolorans,"Klobuk opečnato rdeč, oranžno rdeč. Kožica se lahko odstrani do polovice. Bet sprva bel, kasneje posivi na pritisnjenih mestih. Trosni prah rumen, okrast."
Russula emetica,1, https://www.gobe.si/Gobe/RussulaEmetica,"Rdeč klobuk, beli lističi in bet, kožica lupljiva, zelo oster pekoč okus. Trosni prah bel."
Russula foetens,0, https://www.gobe.si/Gobe/RussulaFoetens,"Zajetna, okrasto rjavih barv, močan svetlo okrast bet, z rjavimi lisami. Neprijeten vonj, pekoč okus. Trosni prah skoraj bel."
Russula integra,0, https://www.gobe.si/Gobe/RussulaIntegra,"Rjave barve, usnjata povšina. Debeli okrasti krhki lističi. Trosni prah rumen. Mikorizna z iglavci."
Russula mustelina,0, https://www.gobe.si/Gobe/RussulaMustelina,"Okrasto rjavi odtenki, kožica ni lupljiva. Lističi beli. Bet najprej bel, kasneje rjavkast s prekati. Trosni prah smetanaste barve. Mikorizna z iglavci."
Russula olivacea,0, https://www.gobe.si/Gobe/RussulaOlivacea,"Največja med golobicami, olivnih odtenkov, debeli lomljivi bledo rumeni do okrasti lističi. Bet bel z rožnatim nadihom. Trosni prah okrast. Mikorizna z listavci."
Russula vesca,1, https://www.gobe.si/Gobe/RussulaVesca,"Mesnato rdečkaste in rjavkaste odtenke, na pritisk rjavi zlasti na betu, je milega, prijetnega okusa in neizrazitega vonja. Lističi beli, trosni prah belkast."
Russula virescens,1, https://www.gobe.si/Gobe/RussulaVirescens,"Zelenkast razpokan klobuk, debelo mesnata, trda in z belimi lističi, ima bel bet in je milega, prijetnega okusa. Trosni prah je bel."
Sarcodon imbricatus,0, https://www.gobe.si/Gobe/SarcodonImbricatus,"Rjavi klobuk ima prekrit z dvignjenimi in v koncentričnih krogih razvrščenimi luskami, ki so dokaj trde na dotik, pod klobukom pa ima trosovnico iz bodic, ki so poraščene tudi na betu"
Sarcomyxa serotina,0, https://www.gobe.si/Gobe/SarcomyxaSerotina,Mlada ima zgoraj prelivajočo zeleno modrikasto barvo. Zelo kratek bet je rumeno oranžne barve.
Scleroderma citrinum,1, https://www.gobe.si/Gobe/SclerodermaCitrinum,"Grobo hrapava ovojnica je debela in trda. Odprtina, skozi katero uhajajo trosi, nikoli zvezdasto ne razpoka. "
Scleroderma verrucosum,0, https://www.gobe.si/Gobe/SclerodermaVerrucosum,Manj hrapava ovojnica. Podolžno naguban bet z rožnatim odtenkom.
Scutiger pes-caprae,1, https://www.gobe.si/Gobe/ScutigerPes-caprae,"hrapavo luskat klobuk in velike luknjice z debelimi stenami kratkih cevk, ki se polagoma spuščajo po betu navzdol."
Sparassis crispa,1, https://www.gobe.si/Gobe/SparassisCrispa,"Raste pod bori, številne ploščate veje"
Strobilomyces strobilaceus,0, https://www.gobe.si/Gobe/StrobilomycesStrobilaceus,"Črne kosmičaste luske na klobuku in betu, luknjičasta trosovnica. Belo sivkasto meso najprej pordeči nato počrni, predvsem v dnišču."
Strobilurus esculentus,0, https://www.gobe.si/Gobe/StrobilurusEsculentus,"Sivo rjav klobuk in bet, beli lističi. Prijeten vonj. Rastejo zgodaj pomladi iz smrekovih storžev. "
Stropharia aeruginosa,1, https://www.gobe.si/Gobe/StrophariaAeruginosa,"Sluzava zeleno modra goba, zgoraj nažlebljen obroček, lističi na začetku zelenkasti, neto črnikasto rjavi, svetlejša ostrinka, raste blizu razpadajočega lesa"
Suillellus luridus,0, https://www.gobe.si/Gobe/SuillellusLuridus,"Žametast okrast klobuk, oranžna trosovnica, velika podolžna močno izražena mrežica. Meso takoj pomodri. Antabusni sindrom."
Suillellus queletii,0, https://www.gobe.si/Gobe/SuillellusQueletii,"Žametast klobuk, oranžna trosovnica, brez mrežice. Na pritisk pomodri. Meso rumenkasto. Spodnji del beta vinsko rdeč. Mikorizna z listavci. "
Suillus bovinus,1, https://www.gobe.si/Gobe/SuillusBovinus,"Lupljiva kožica, široke oglate luknjice, nekoliko poraščene na bet, mehko prožno meso, "
Suillus granulatus,0, https://www.gobe.si/Gobe/SuillusGranulatus,"Rjav klobuk, sluzasta lupljiva kožica, bele kapljice na rumeni trosovnici, Bet rumenkast."
Suillus grevillei,0, https://www.gobe.si/Gobe/SuillusGrevillei,"Rumeno oranžen klobuk, lupljiva kožica, sluzasto kožasto zastiralo. Raste pod macesni."
Suillus luteus,1, https://www.gobe.si/Gobe/SuillusLuteus,"Močno zastiralce, kožica lupljiva, raste pod bori."
Suillus variegatus,0, https://www.gobe.si/Gobe/SuillusVariegatus,"Luskast klobuk, kožica suha in se ne lupi, rjava trosovnica na pritisk modri. Meso modri. "
Trametes versicolor,0, https://www.gobe.si/Gobe/TrametesVersicolor,"Kolobarjasto pisana barvna površina, cevasta bela trosovnica, okrogle majhne pore"
Tremella mesenterica,0, https://www.gobe.si/Gobe/TremellaMesenterica,"Močno nagubana in mehka rumena tvorba brez prave oblike, les listavcev, zajeda opnovke."
Tricholoma caligatum,0, https://www.gobe.si/Gobe/TricholomaCaligatum,Rjavo luskast klobuk in bet. Obstojno zastiralo v katerega je obut bet. Izrazit neprijeten vonj po cvetovih črnega trna. Raste pod borovci.
Tricholoma colossus,0, https://www.gobe.si/Gobe/TricholomaColossus,"Čebulno rdeče rjava velika gova, klobuk s podvitim robom in rdečečim grenkim mesom. Raste pod bori."
Tricholoma columbetta,1, https://www.gobe.si/Gobe/TricholomaColumbetta,"Snežno bel klobuk s svetlimi rdečkastimi, modrikastimi ali vijoličastimi lisami, bleščeča, svilnato vlaknato površino, koža debela, lupljiva.Bet pri dnu modrikast. Mikorizna z listavci."
Tricholoma equestre,0, https://www.gobe.si/Gobe/TricholomaEquestre,Rumene barve z zelenkasto olivno rjavimi luskicami. Rumeni lističi. Prijeten vonj. Raste pod bori. Rabdomioliza.
Tricholoma pardinum,1, https://www.gobe.si/Gobe/TricholomaPardinum,"Krepka rast, luskast pegast klobuk, bet pri lističih orošen. Gastrointestinalni sindrom."
Tricholoma portentosum,1, https://www.gobe.si/Gobe/TricholomaPortentosum,"Lepljiv, gladek, vraščeno vlaknat siv klobuk, rumeneči lističi in bet, pozno jeseni, kožo zlahka olupimo. Prijeten vonj in okus."
Tricholoma saponaceum,0, https://www.gobe.si/Gobe/TricholomaSaponaceum,Zelo raznolika goba z vonjem po pralnem milu.
Tricholoma sciodes,1, https://www.gobe.si/Gobe/TricholomaSciodes,"Sivo bela goba, nima nikjer rumenkastih odtenkov, temveč sivi po betu in pikčastih lističih ter greni, kasneje pekoč okus."
Tricholoma sulphureum,0, https://www.gobe.si/Gobe/TricholomaSulphureum,"Žvepleno rumen klobuk, lističi in bet. Močno smrdi po svetilnem plinu. Gastrointestinalni sindrom."
Tricholoma terreum,0, https://www.gobe.si/Gobe/TricholomaTerreum,"Siv vlaknato luskast klobuk, lističi prsteno sivi. Mikorizna z iglavci."
Tricholoma vaccinum,0, https://www.gobe.si/Gobe/TricholomaVaccinum,"Rdeče rjavo kosmičast luskast klobuk, meso nekoliko rdeči. Lističi redki in debeli, različno dolgi, izrezani ob betu. Pod iglavci."
Tricholomopsis rutilans,1, https://www.gobe.si/Gobe/TricholomopsisRutilans,"Luskast rdeč klobuk, lističi so rumeni, tanki in gosti ter pripeti na bet. Na lesu iglavcev."
Tylopilus felleus,1, https://www.gobe.si/Gobe/TylopilusFelleus,"Zelo grenko meso, mlada trosovnica bela, starim primerkom rožnata trosovnica močno izstopi, se blazinasto napne, mreža raztegnjena, močno reliefna"
Volvopluteus gloiocephalus,0, https://www.gobe.si/Gobe/VolvopluteusGloiocephalus,"Lupina na betu, brez zastiralca. Lističi najprej beli, kasneje rožnati lističi, trosni prah rožnato rjavkast. "
Xerocomellus chrysenteron,0, https://www.gobe.si/Gobe/XerocomellusChrysenteron,"Polsten žametast rjav klobuk, pod razpokami vinsko rdeč. Rdeč bet. Trosovnica rumena."
Xerocomellus pruinatus,0, https://www.gobe.si/Gobe/XerocomellusPruinatus,"Žametast poprhnjen klobuk, razjede od polžev rožnate. Bet rumen do rdečkast, dnišče belo. Višinski iglast gozd."
Xerocomus subtomentosus,0, https://www.gobe.si/Gobe/XerocomusSubtomentosus,"Klobk rumeno rjavkast ali olivno zelenkast, rumena trosovnica, na dotik rahlo modri, vzdolžno brazdast trd rumen bet, ki je v spodnjem delu na prerezu rdečkast. Mikorizna z iglavci."
Xeromphalina campanella,0, https://www.gobe.si/Gobe/XeromphalinaCampanella,"Popkast klobuček in tanek v dnišču temen bet. Lističi se spuščajo po betu. Raste na preperelih iglavcih, od pomladi do jeseni."
Xylaria hypoxylon,0, https://www.gobe.si/Gobe/XylariaHypoxylon,"Črni peclji in rogljate sploščene konice, v zgornjem delu pokrita z belimi konidiji. Trosni prah je črn."
